x,y,z,uuid,type,alive,display_name,custom_name
-20.312751402540105,-60.0,-23.832335330389803,fe139cdc-303f-4691-bc1d-78bc3015a4d4,minecraft:horse,true,Horse,[null]
-35.32042351134687,-60.0,-10.675434866996145,c374081f-acab-45f0-8008-6d559624f186,minecraft:pig,true,Pig,[null]
-23.097268134646114,-60.0,1.6188293632678077,9dcf8d30-ee9f-4c58-8024-135cd1f17457,minecraft:pig,true,Pig,[null]
-18.743335498987886,-60.0,3.2199284509217057,dc4de412-82c8-4866-ac41-ec55305da011,minecraft:pig,true,Pig,[null]
-29.94714772489874,-60.0,2.334501279888856,c5a3b6c2-4d0b-4c5a-9ff4-7a6a08ab1e63,minecraft:pig,true,Pig,[null]
10.17694950384816,-60.0,42.221999231606056,ae1c8e93-c7e5-4fec-a76b-7d407ffba489,minecraft:pig,true,Pig,[null]
33.26118312135266,-60.0,10.225511115338923,80c062bc-a138-434f-9008-4edca143b130,minecraft:pig,true,Pig,[null]
-31.464839422859995,-62.0,-40.384170227992215,5f3fb7d1-11cc-4808-91d7-b480da20e4d8,minecraft:pig,true,Pig,[null]
-32.55000001192093,-62.0,-39.44999998807907,8da2f5b0-e8f2-4f0f-9962-0123f2c50707,minecraft:pig,true,Pig,[null]
-32.55000001192093,-62.0,-40.43712048198644,33e2e21e-6002-4b49-8f3e-a14d990f7b95,minecraft:pig,true,Pig,[null]
-31.50786010038502,-62.0,-41.48571827376035,ebb455e6-f22d-493a-9adb-c711f485c5ea,minecraft:pig,true,Pig,[null]
-31.260718555441386,-62.0,-39.44999998807907,e528d23f-9f81-4de6-aa6a-9462d56867a1,minecraft:pig,true,Pig,[null]
-30.255517640430796,-60.0,-42.20546000519315,86a7872f-4ad3-4e52-9b7f-396fc58b8f01,minecraft:pig,true,Pig,[null]
-30.44999998807907,-62.0,-40.542412416317184,dc8f0c7c-2609-4a49-af31-fac8d72fa986,minecraft:pig,true,Pig,[null]
-32.55000001192093,-62.0,-41.55000001192093,76a75562-8e39-4f35-937a-6754a075ec83,minecraft:pig,true,Pig,[null]
15.175568908919667,-60.0,63.23064963653747,9a2c04d7-55f8-4668-ab59-fed3ce0ad2bd,minecraft:pig,true,Pig,[null]
-78.96484167754157,-60.0,102.02213170192934,e687d94c-f442-3ab7-a8a6-e1baf5dca36c,minecraft:player,true,Player292,[null]
-100.5,-59.5,110.03125,d52e6f2e-db9d-452d-93b7-b8c0d03a1120,minecraft:glow_item_frame,true,Glow Item Frame,[null]
-98.65218520350477,-58.99866402088785,109.89918667567021,ee5195ae-5e1c-4e8e-8312-ea3034d18289,minecraft:slime,true,Slime,[null]
-99.11100140421006,-60.0,100.72774824984265,9d8b7c02-64e6-4ff7-8202-cfaaefe4fc3b,minecraft:slime,true,Slime,[null]
-69.19966864835511,-60.0,87.52056570924192,0d9d5015-f88d-4118-b8fb-701fc81cba97,minecraft:slime,true,Slime,[null]
-76.54447304953756,-60.0,135.47442061457343,375c7118-bedb-45eb-a4a2-73120af363bf,minecraft:slime,true,Slime,[null]
-55.524202194147975,-60.0,104.67980907511154,04a2ea24-8edb-4463-9c3c-e4b6507d828a,minecraft:slime,true,Slime,[null]
-67.18456254122492,-60.0,36.81552729028016,4835e787-786c-47ac-b1e0-e4b7660a2101,minecraft:pig,true,Pig,[null]
-6.869309675995206,-60.0,102.13066528857391,bead7c6f-dc68-4e81-80f8-eed381d85d72,minecraft:chicken,true,Chicken,[null]
-172.57964614460283,-60.0,186.47667795565553,e3a89e96-26e7-44dd-81a6-428bfbb03710,minecraft:slime,true,Svin,Svin
14.390794308805926,-60.0,129.61073045415642,c3b8401f-9c6e-4b92-90a5-0766471568ae,minecraft:chicken,true,Chicken,[null]
11.196680433278546,-60.0,136.10045615071607,76361dd0-d200-487e-85bf-ada510808a30,minecraft:chicken,true,Chicken,[null]
-68.74282882118328,-60.0,11.067163711616965,f5fc50f7-c02c-449f-a35c-108a468db143,minecraft:pig,true,Pig,[null]
-145.31369031002583,-60.0,-8.500735624526339,75e36288-45bf-4755-a23e-af94671c281b,minecraft:pig,true,Pig,[null]
14.878396513429104,-60.0,97.20991162347045,00a3d175-b253-4550-b988-0e8694b32933,minecraft:chicken,true,Chicken,[null]
-70.25804234063929,-60.0,-20.22209175464794,b1e3c40b-312c-4359-b397-77ef80c56020,minecraft:pig,true,Pig,[null]
-44.28469536056032,-60.0,-27.852714508304757,a56b6877-3371-4264-9065-c81ff8b9fba0,minecraft:horse,true,Horse,[null]
-67.21910703427677,-60.0,-44.24973976963765,a0a0b0c8-ab58-4cfb-80a2-e6d29900439d,minecraft:pig,true,Pig,[null]
-93.92387730943096,-60.0,-34.14940208287553,ffca381c-c235-4cdf-a95c-5fdaea1af606,minecraft:chicken,true,Chicken,[null]
-145.7582901015803,-60.0,-37.75878671266604,1b60a21c-1197-4bb4-805c-9933329c8948,minecraft:pig,true,Pig,[null]
92.77155942728703,-60.0,24.799813783472903,82842beb-0da1-42b9-a199-afa638bc3e17,minecraft:sheep,true,Sheep,[null]
-91.88845664212884,-60.0,-65.79946565929961,254fc195-4a65-4647-adfe-29c026372c4f,minecraft:chicken,true,Chicken,[null]
98.16662410353392,-60.0,55.78976044077818,f31a0545-a1db-4f7f-9376-62b5e4cd381a,minecraft:sheep,true,Sheep,[null]
88.78290928327417,-60.0,92.26603415739132,b17eed97-0818-4324-9872-6c66ca3749e2,minecraft:sheep,true,Sheep,[null]
128.03952112877272,-60.0,49.86255012329375,3a5ef13c-9fcf-4686-a875-5f1bce6147d0,minecraft:iron_golem,true,Iron Golem,[null]
-290.48423093229184,-59.9375,261.7670632681304,16bdfc6c-603d-4a97-8a02-e3706df167ff,minecraft:villager,true,Cartographer,[null]
-300.72319807664326,-60.0,295.46720678397867,d3695389-ffad-4abf-9947-9e3e5121a11e,minecraft:cat,true,Cat,[null]
-295.5463384535532,-60.0,307.4008732551601,68575c25-8ff9-4854-a206-0367af546a1f,minecraft:pig,true,Pig,[null]
-295.4858168537545,-60.0,304.770969798821,484d10b1-1af1-4694-9692-a0ae0e467fe3,minecraft:pig,true,Pig,[null]
-77.5,-59.5,102.03125,6d7380dd-eeab-4ee9-a8ce-6a34c19d2e36,minecraft:glow_item_frame,true,Glow Item Frame,[null]
-76.5,-59.5,102.03125,83466a10-2f04-4ec7-893e-cef3c33f3cd1,minecraft:glow_item_frame,true,Glow Item Frame,[null]
-75.5,-59.5,102.03125,43a0e834-2685-4a2b-8336-8ab8f6b8894b,minecraft:glow_item_frame,true,Glow Item Frame,[null]
151.1847374637925,-60.0,45.815174527039346,e2a0b965-ecb5-41d1-8933-e6818b6b1156,minecraft:sheep,true,Sheep,[null]
-68.28930193334502,-60.0,86.46760883145177,0eeea98a-a64a-49c0-88d2-7a4a9fb185c3,minecraft:slime,true,Slime,[null]
-99.92877020801303,-60.0,119.58181152134725,7342ae1f-0365-4571-9dd9-6e8212b30f83,minecraft:slime,true,Slime,[null]
-90.32144803661124,-58.82324072493576,128.63435187027395,00202f0d-6d7a-4e89-aa4b-9138601f02b1,minecraft:slime,true,Slime,[null]
-78.75583793696002,-59.878703159460805,133.77124461582636,1e45a2cb-cdf9-4074-bda0-7751e4cd4fa4,minecraft:slime,true,Slime,[null]
-89.16839697385876,-60.0,126.73597201730509,0764e28d-0e83-48f6-b6f8-f395c534da9c,minecraft:slime,true,Slime,[null]
-78.78660536898668,-59.2468000194788,116.52852593162746,b447566f-456f-4c41-ac74-eedfa1707739,minecraft:slime,true,Slime,[null]
-64.94013490016843,-58.975575911786315,93.75123676806594,946dc31d-e135-475f-9e3a-1baa204c67d1,minecraft:slime,true,Slime,[null]
-54.372898242088844,-59.878703159460805,95.77809953349744,300893b5-f3bc-4c64-842c-50483e4e908d,minecraft:slime,true,Slime,[null]
-86.4412938227606,-58.74779665974627,100.82459032301159,81620892-0258-449e-b7c8-dfa6feb73002,minecraft:slime,true,Slime,[null]
-49.75177459041304,-60.0,90.22627862747368,977e4537-e69b-4ca9-adaf-517d98169d1a,minecraft:slime,true,Slime,[null]
-80.32800379477666,-60.0,124.17699267472598,30a65609-5a17-4618-8d05-718d13dc2be1,minecraft:slime,true,Slime,[null]
-108.96000003814697,-61.975575911786315,121.86647609491511,d7507389-e6ed-4d09-b145-4bb7ad8cac28,minecraft:slime,true,Slime,[null]
-62.38486849534843,-60.0,99.44865066731644,406c3059-12e8-4d26-801f-dff4837a53ad,minecraft:slime,true,Slime,[null]
-75.74613569484046,-60.0,73.45221823651156,59ed957a-f0b3-4404-8dfc-12033a311d40,minecraft:slime,true,Slime,[null]
-90.09914210076128,-58.833890739061786,127.16547791404992,d09c7398-51b1-4628-a31c-928318b65541,minecraft:slime,true,Slime,[null]
-72.28177323165656,-59.878703159460805,118.20534185390682,062b7eff-85e2-4264-937d-ff42cae6c805,minecraft:slime,true,Slime,[null]
-55.88489477610908,-60.0,92.07514339937349,b8a457d7-0a71-45dd-9d70-16fb07fe0732,minecraft:slime,true,Slime,[null]
-93.97866545901245,-60.0,-34.81309345881426,b691d981-8c4b-45e9-bd69-0d862ae8baf7,minecraft:item,true,Egg,[null]
-76.5054254860565,-60.0,127.82714320556454,6528108d-d6f0-447a-8faa-e1e5bf24e3d3,minecraft:slime,true,Slime,[null]
-67.64695255225642,-60.0,80.46950443711997,3d2ad758-5bcb-4c87-b729-a993afda0a76,minecraft:slime,true,Slime,[null]
-105.03999996185303,-63.0,121.96000003814697,ec628bd2-d4a7-4cc9-9a85-3ee6d313c1b3,minecraft:slime,true,Slime,[null]
-64.4718019494814,-60.0,53.53685444879188,e0ac9da4-7453-4624-b4c0-73bbaed62e52,minecraft:slime,true,Slime,[null]
-179.1465936919338,-60.0,115.02564408487031,e8556034-bce0-4fb9-9a5e-59525aabef0d,minecraft:slime,true,Slime,[null]
-120.66205784018854,-60.0,111.67557308109369,181a5de8-166e-4c55-89df-2a8162d47f2f,minecraft:slime,true,Slime,[null]
-100.58024789975,-60.0,5.372829243635137,d8818afa-d0d4-40df-8507-e3f0f83a9b23,minecraft:slime,true,Slime,[null]
-6.750274589774784,-60.0,102.58959068134261,bd36f8e0-6b76-4aff-af4f-c3446ad297f8,minecraft:item,true,Egg,[null]
-92.08091287094169,-60.0,-65.09936918019409,ea4cfb8f-ae2d-41ae-aef1-3d82547d344c,minecraft:item,true,Egg,[null]
-19.866678623701908,-60.0,89.74252626064748,5b703f28-9cd1-4296-b640-6295accc9507,minecraft:slime,true,Slime,[null]
-78.35557508813633,-60.0,138.70442060980324,2ec9ef99-8793-4ac0-91c5-f92ba576b905,minecraft:slime,true,Slime,[null]
-38.32145439851948,-60.0,77.9489315488991,0329daa3-54a5-4598-9711-f46b6be5b6da,minecraft:slime,true,Slime,[null]
-184.7590203815381,-58.74779665974627,110.43298146859712,f7557c6c-090f-4b9c-a7b8-293f646e4aef,minecraft:slime,true,Slime,[null]
-183.84961866723768,-60.0,102.24176672529575,4e301046-af92-44f9-b784-4e3342951319,minecraft:slime,true,Slime,[null]
-25.529960574382564,-60.0,66.9451793326085,ab33ada4-5b58-4774-b06e-aac11c965c34,minecraft:slime,true,Slime,[null]
-174.37142251433553,-60.0,112.13587948664694,6e91d44a-198e-43fd-8975-564d21adbb64,minecraft:slime,true,Slime,[null]
-8.047248921634381,-60.0,190.81244627837998,d5877d4e-7015-4cbf-acea-cde449daa184,minecraft:slime,true,Slime,[null]
-58.37324799343991,-59.504799122994086,107.45303628996498,66c3a6e3-6ef4-4512-8998-5e3a1c26c595,minecraft:slime,true,Slime,[null]
-28.128477091619636,-60.0,83.1244467594081,34205741-81e9-45ce-bd45-320d51168ca6,minecraft:slime,true,Slime,[null]
-36.000502565315166,-60.0,38.58482169865338,481fe65b-ff37-4559-a6ec-7e0b0bd44019,minecraft:slime,true,Slime,[null]
-191.4919611847808,-60.0,116.51440269675453,2bc1f712-e4bb-44b8-874f-4411a80305d4,minecraft:slime,true,Slime,[null]
-144.63411588209135,-58.975575911786315,128.08101413182354,84cbda8a-2efc-4276-9f6c-84ffe452e85b,minecraft:slime,true,Slime,[null]
-130.42435121713766,-60.0,28.95817920268233,565c74b0-6173-4914-a508-8bd942efd3cb,minecraft:slime,true,Slime,[null]
-137.9217175587337,-60.0,39.97085873461554,286c4bde-64a8-4038-80ac-8cdc0209bd58,minecraft:slime,true,Slime,[null]
-56.573981224345324,-58.75081292125532,91.19365907198083,aa90e873-fe3e-422a-8ebd-6ac596a4d373,minecraft:slime,true,Slime,[null]
-22.994127256774764,-60.0,81.85204005512348,52935497-7e4b-4921-96c0-0546e1179852,minecraft:slime,true,Slime,[null]
-31.065953534769918,-60.0,72.63954637402499,cfd57de4-5d31-42bc-91c9-dd05b1edaaee,minecraft:slime,true,Slime,[null]
-19.55144915023429,-59.58000001311302,82.54226451270893,f414e57c-4676-4128-b53f-11f32e7b8984,minecraft:slime,true,Slime,[null]
-12.310509274057287,-60.0,138.80704953601082,c9c47434-0bf6-41ca-8053-e71cfe037d1a,minecraft:slime,true,Slime,[null]
-1.875497555176946,-59.504799122994086,138.38070245265382,66a65ed4-61cd-4aec-b0ef-3c62e4d3ab45,minecraft:slime,true,Slime,[null]
-164.55617510527406,-58.75081292125532,97.14720240786326,7f9d6310-a26c-4712-9615-137baa54cb81,minecraft:slime,true,Slime,[null]
-176.17780478638196,-60.0,112.90642820911627,a556dd39-bd6f-44b6-bc7e-cda9d5ce8c7c,minecraft:slime,true,Slime,[null]
0.6535012024803448,-60.0,145.41270511875956,0d2b78a8-54f0-4fcd-a187-6c3be53a8039,minecraft:slime,true,Slime,[null]
-91.89817184511247,-60.0,27.4758189283561,93eef82a-70e2-4269-a04e-ebe4168d2b4d,minecraft:slime,true,Slime,[null]
-190.0231938037904,-59.878703159460805,122.62202871719633,b6ccfae4-8f1e-4e42-a0c4-5e174d1fbb5b,minecraft:slime,true,Slime,[null]
-191.10600964060887,-60.0,122.83379650782062,f9066a87-c664-4836-82e6-c7b5ffc22fc3,minecraft:slime,true,Slime,[null]
-159.74487870239906,-60.0,170.1932469732536,2c20e2fa-ecc2-4405-ad38-54267589a695,minecraft:slime,true,Slime,[null]
-38.551733488289734,-60.0,88.41167422813263,99e973b6-0847-4d51-b836-2fc8851c294c,minecraft:slime,true,Slime,[null]
-30.16712652071252,-58.75081292125532,86.11099097775299,ccef1d51-df5d-4f5e-af0c-0c00feba6e30,minecraft:slime,true,Slime,[null]
-170.92187506655839,-60.0,111.19693616389019,914d9656-37c9-45ea-8db7-6356ba0554eb,minecraft:slime,true,Slime,[null]
-170.5571038507927,-60.0,109.01254062760367,ea80245a-b82d-426c-a841-cd625771ea06,minecraft:slime,true,Slime,[null]
-133.55081197216182,-60.0,129.72027015688596,511f8891-b80e-48f6-afc0-cc0635b441b4,minecraft:slime,true,Slime,[null]
-45.88000014419695,-60.0,46.5532054268941,cb70afde-884e-4a59-93db-3248b8d179ac,minecraft:slime,true,Slime,[null]
10.297423050656427,-60.0,136.18118196498557,fd59daf6-9f0a-46b7-836b-6fbeeb3ea9c4,minecraft:item,true,Egg,[null]
-151.72190575756065,-60.0,160.77550859560574,09d8869d-11f4-4f81-a227-6ecb38201a72,minecraft:slime,true,Slime,[null]
-138.57669494174615,-58.75081292125532,56.234328463876224,76336618-2ca7-4bde-b2f1-7e5fb7a3bceb,minecraft:slime,true,Slime,[null]
-173.06877448699532,-60.0,96.43335296143691,49251d03-8ea0-4c62-b600-ee1a6fe60dae,minecraft:slime,true,Slime,[null]
-112.2675038571903,-60.0,2.682149261034241,522373f3-cb83-496a-803d-f7fa2b4b15cd,minecraft:slime,true,Slime,[null]
-31.410115176070843,-60.0,43.56286583441187,7c6c13ad-96e2-43e8-aac8-82f0ffc7a2a9,minecraft:slime,true,Slime,[null]
-43.838331857357375,-60.0,146.66203715063065,1b1efd71-40b3-4809-a165-4c4b9fc6948f,minecraft:slime,true,Slime,[null]
-115.7975183893743,-60.0,122.54816577280648,0c6e7f4a-343d-4053-a724-560fd2549c76,minecraft:slime,true,Slime,[null]
