x,y,z,visibility,load_status,entity_count
-5,-4,-3,TICKING,LOADED,1
-8,-4,6,TICKING,LOADED,1
-19,-4,16,TRACKED,LOADED,1
-4,-4,6,TICKING,LOADED,3
6,-4,3,TICKING,LOADED,1
-9,-4,2,TICKING,LOADED,1
-2,-4,5,TICKING,LOADED,5
-5,-4,-2,TICKING,LOADED,1
5,-4,1,TICKING,LOADED,1
-6,-4,8,TICKING,LOADED,1
-10,-4,-3,TICKING,LOADED,1
-5,-4,5,TICKING,LOADED,4
-3,-4,-1,TICKING,LOADED,1
8,-4,3,TRACKED,LOADED,1
-11,-4,6,TICKING,LOADED,4
-19,-4,19,TRACKED,LOADED,2
0,-4,3,TICKING,LOADED,1
-7,-4,0,TICKING,LOADED,1
-6,-4,1,TICKING,LOADED,1
-5,-4,0,TICKING,LOADED,1
-9,-4,3,TICKING,LOADED,1
-1,-4,11,TICKING,LOADED,1
-1,-4,6,TICKING,LOADED,2
-3,-4,-2,TICKING,LOADED,1
-2,-4,4,TICKING,LOADED,2
-11,-4,11,TICKING,LOADED,1
-3,-4,2,TICKING,LOADED,2
-12,-4,7,TICKING,LOADED,5
-5,-4,2,TICKING,LOADED,1
-6,-4,6,TICKING,LOADED,1
-2,-4,0,TICKING,LOADED,3
-7,-4,7,TICKING,LOADED,3
0,-4,6,TICKING,LOADED,1
0,-4,2,TICKING,LOADED,1
-9,-4,8,TICKING,LOADED,1
-5,-4,3,TICKING,LOADED,1
-1,-4,8,TICKING,LOADED,2
-10,-4,8,TICKING,LOADED,1
-8,-4,0,TICKING,LOADED,1
-8,-4,7,TICKING,LOADED,1
-10,-4,-1,TICKING,LOADED,1
-5,-4,7,TICKING,LOADED,3
-19,-4,18,TRACKED,LOADED,1
-3,-4,5,TICKING,LOADED,1
-9,-4,1,TICKING,LOADED,1
-2,-4,-3,TICKING,LOADED,5
0,-4,9,TICKING,LOADED,1
2,-4,0,TICKING,LOADED,1
-6,-4,-3,TICKING,LOADED,2
-7,-4,6,TICKING,LOADED,3
5,-4,5,TICKING,LOADED,1
-5,-4,6,TICKING,LOADED,4
-10,-4,10,TICKING,LOADED,2
-6,-4,-5,TICKING,LOADED,2
-3,-4,4,TICKING,LOADED,1
-6,-4,7,TICKING,LOADED,3
-3,-4,-3,TICKING,LOADED,3
-11,-4,7,TICKING,LOADED,1
-5,-4,4,TICKING,LOADED,1
-5,-4,8,TICKING,LOADED,3
-12,-4,6,TICKING,LOADED,2
-3,-4,9,TICKING,LOADED,1
-4,-4,5,TICKING,LOADED,4
9,-4,2,TRACKED,LOADED,1
-2,-4,-2,TICKING,LOADED,1
-2,-4,2,TICKING,LOADED,1
0,-4,8,TICKING,LOADED,3
